PLU,Food,Name
4514,Alfalfa Sprouts,Alfalfa Sprouts
4924,Almonds,Almonds
4925,Almonds,Retailer Assigned Almonds
3064,Aloe Vera Leaves,Aloe Vera Leaves
3463,Amaranth/Callaloo/Een Choy,Amaranth/Callaloo/Een Choy
3338,Anise,Anise
4860,Apple Slices,Dried Apple Slices
3000,Apples,Alkmene Apples
3001,Apples,Small Aurora/Southern Rose Apples
3002,Apples,Cantared Apples
3003,Apples,D'Estivale Apples
3004,Apples,Discovery Apples
3005,Apples,Golden Delicious Blush Apples
3006,Apples,Ingrid Marie Apples
3007,Apples,Lochbuie Apples
3008,Apples,Rubinette Apples
3009,Apples,Russet Apples
3010,Apples,Small Cripps Red Apples
3011,Apples,Worcester Apples
3065,Apples,Small Cameo Apples
3066,Apples,Large Cameo Apples
3067,Apples,Small Swiss Gourmet Apples
3068,Apples,Large Swiss Gourmet Apples
3069,Apples,"Small Gravenstein, Red Apples"
3070,Apples,"Large Gravenstein, Red Apples"
3071,Apples,"Granny Smith, Red Apples"
3072,Apples,Lady Apples
3073,Apples,Macoun Apples
3074,Apples,Greening (Ri) Apples
3075,Apples,Baldwin Apples
3076,Apples,Melrose Apples
3077,Apples,Northern Spy Apples
3078,Apples,Liberty Apples
3104,Apples,Roho 3615 Apples
3271,Apples,Virginia Gold Apples
3272,Apples,Sommerfeld Apples
3283,Apples,Large Honeycrisp Apples
3284,Apples,Extra-Large Red Delicious Apples
3285,Apples,Extra-Large Golden Delicious Apples
3290,Apples,Large Aurora/Southern Rose Apples
3291,Apples,Small Boskoop/Belle De Boskoop Apples
3292,Apples,Large Boskoop/Belle De Boskoop Apples
3293,Apples,Small Scifresh Apples
3294,Apples,Large Scifresh Apples
3295,Apples,Small Sciearly Apples
3296,Apples,Large Sciearly Apples
3297,Apples,Scired Apples
3298,Apples,Redfield Apples
3299,Apples,Small Sonya Apples
3300,Apples,Large Sonya Apples
3301,Apples,Large Cripps Red Apples
3315,Apples,Small Scilate Apples
3339,Apples,Belchard - Chantecler Apples
3340,Apples,Bertanne/Golden Russet Apples
3341,Apples,Charles Ross Apples
3342,Apples,Delblush Apples
3343,Apples,Dessert Apples
3344,Apples,Small Gloster Apples
3345,Apples,Large Gloster Apples
3346,Apples,Holstein Apples
3347,Apples,Laxtons Fortune Apples
3348,Apples,Lord Lambourne Apples
3349,Apples,Michaelmas Red Apples
3350,Apples,Small Reine Des Reinettes/King Of The Pippins Apples
3351,Apples,Large Reine Des Reinettes/King Of The Pippins Apples
3352,Apples,Canada Blanc Reinette Du Mans Apples
3353,Apples,St Edmunds Pippin Apples
3435,Apples,Pinova Apples
3438,Apples,Ambrosia Apples
3442,Apples,New York 1 Apples
3443,Apples,New York 2 Apples
3444,Apples,Green Dragon Apples
3445,Apples,Ds 3 Apples
3447,Apples,Ds 22 Apples
3460,Apples,Red Jonaprince Apples
3461,Apples,Lady Williams Apples
3467,Apples,Regal 13-82 Apples
3468,Apples,Small Honeycrisp Apples
3484,Apples,Dalinette Apples
3486,Apples,Cn121 Apples
3487,Apples,Mn 55 Apples
3490,Apples,Maia 1 Apples
3507,Apples,Wa 38 Apples
3510,Apples,Small Ambrosia Apples
3511,Apples,Wa 2 Apples
3513,Apples,Shinano Gold Apples
3514,Apples,Fengapi Apples
3515,Apples,Small Prema 153 Apples
3516,Apples,Large Prema 153 Apples
3519,Apples,R10-45 Apples
3521,Apples,Regal D5-100 Apples
3523,Apples,Sq 159 Apples
3525,Apples,Small Cn121 Apples
3526,Apples,Howell Tc2 Apples
3527,Apples,Howell Tc3 Apples
3528,Apples,Regal D17-121 Apples
3529,Apples,Prema 129 Apples
3537,Apples,Maia-L Apples
3538,Apples,Ipador Apples
3539,Apples,Ifored Y Series Apples
3540,Apples,Ifored R Series Apples
3541,Apples,Civm49 Apples
3542,Apples,Regal D27-16 Apples
3600,Apples,Antares Apples
3601,Apples,Huaguan Apples
3602,Apples,Belgica Apples
3603,Apples,Minneiska Apples
3604,Apples,Emmons Apples
3605,Apples,Nicoter Apples
3607,Apples,Mariri Red Apples
3608,Apples,Large Sciros Apples
3612,Apples,Nicogreen Apples
3613,Apples,Fuji Brak Apples
3615,Apples,Civni Apples
3616,Apples,Large Scilate Apples
3618,Apples,Opal Apples
3619,Apples,Milwa Apples
3620,Apples,Plumac Apples
3625,Apples,Minnewashta Apples
3627,Apples,Large Prema17 Apples
3628,Apples,Prema280 Apples
3629,Apples,Civg198 Apples
3630,Apples,Co-Op 43 Apples
4015,Apples,Small Red Delicious Apples
4016,Apples,Large Red Delicious Apples
4017,Apples,Large Granny Smith Apples
4018,Apples,Large Granny Smith Apples
4019,Apples,Large Mcintosh Apples
4020,Apples,Large Golden Delicious Apples
4021,Apples,Small Golden Delicious Apples
4057,Apples,Small Haralson Apples
4058,Apples,Large Haralson Apples
4096,Apples,Large Ginger Gold Apples
4097,Apples,Small Ginger Gold Apples
4098,Apples,Small Akane Apples
4099,Apples,Large Akane Apples
4100,Apples,Small Fireside Apples
4101,Apples,Small Braeburn Apples
4102,Apples,Large Fireside Apples
4103,Apples,Large Braeburn Apples
4104,Apples,Small Cortland Apples
4105,Apples,Cox Orange Pippin Apples
4106,Apples,Large Cortland Apples
4107,Apples,Crab Apples
4108,Apples,Small Crispin/Mutsu Apples
4109,Apples,Small Crispin/Mutsu Apples
4110,Apples,Large Crispin/Mutsu Apples
4111,Apples,Large Crispin/Mutsu Apples
4112,Apples,Small Regent Apples
4113,Apples,Small Criterion Apples
4114,Apples,Large Regent Apples
4115,Apples,Large Criterion Apples
4116,Apples,Small Early Apples
4117,Apples,Small Early Apples
4118,Apples,Large Early Apples
4119,Apples,Large Early Apples
4120,Apples,Fiesta Apples
4121,Apples,Small Elstar Apples
4122,Apples,Small Sciros Apples
4123,Apples,Large Elstar Apples
4124,Apples,Small Empire Apples
4125,Apples,Small Empire Apples
4126,Apples,Large Empire Apples
4127,Apples,Large Empire Apples
4128,Apples,Small Cripps Pink Apples
4129,Apples,Small Fuji Apples
4130,Apples,Large Cripps Pink Apples
4131,Apples,Large Fuji Apples
4132,Apples,Small Gala Apples
4133,Apples,Small Gala Apples
4134,Apples,Large Gala Apples
4135,Apples,Large Gala Apples
4136,Apples,Small Golden Delicious Apples
4137,Apples,Large Golden Delicious Apples
4138,Apples,Small Granny Smith Apples
4139,Apples,Small Granny Smith Apples
4140,Apples,Small Idared Apples
4141,Apples,Small Jonamac Apples
4142,Apples,Large Idared Apples
4143,Apples,Large Jonamac Apples
4144,Apples,Small Jonagold Apples
4145,Apples,Small Jonagold Apples
4146,Apples,Large Jonagold Apples
4147,Apples,Large Jonagold Apples
4148,Apples,Small Jonathan Apples
4149,Apples,Small Jonathan Apples
4150,Apples,Large Jonathan Apples
4151,Apples,Large Jonathan Apples
4152,Apples,Small Mcintosh Apples
4153,Apples,Small Mcintosh Apples
4154,Apples,Large Mcintosh Apples
4155,Apples,Small Paulared Apples
4156,Apples,Small Gravenstein Apples
4157,Apples,Large Paulared Apples
4158,Apples,Large Gravenstein Apples
4160,Apples,Small Pippin Apples
4162,Apples,Large Pippin Apples
4167,Apples,Small Red Delicious Apples
4168,Apples,Large Red Delicious Apples
4169,Apples,Small Rome Apples
4170,Apples,Small Rome Apples
4171,Apples,Large Rome Apples
4172,Apples,Large Rome Apples
4173,Apples,Small Royal Gala Apples
4174,Apples,Large Royal Gala Apples
4176,Apples,Southern Snap Apples
4177,Apples,Small Spartan Apples
4178,Apples,Small Spartan Apples
4179,Apples,Large Spartan Apples
4180,Apples,Large Spartan Apples
4181,Apples,Small Stayman Apples
4182,Apples,Sturmer Pippin Apples
4183,Apples,Large Stayman Apples
4185,Apples,Small York Apples
4187,Apples,Large York Apples
4189,Apples,Small Winesap Apples
4190,Apples,Small Winesap Apples
4191,Apples,Large Winesap Apples
4192,Apples,Large Winesap Apples
4193,Apples,Retailer Assigned Apples
4194,Apples,Retailer Assigned Apples
4195,Apples,Retailer Assigned Apples
4196,Apples,Retailer Assigned Apples
4197,Apples,Retailer Assigned Apples
4198,Apples,Retailer Assigned Apples
4199,Apples,Retailer Assigned Apples
4200,Apples,Retailer Assigned Apples
4201,Apples,Retailer Assigned Apples
4202,Apples,Retailer Assigned Apples
4203,Apples,Retailer Assigned Apples
4204,Apples,Retailer Assigned Apples
4205,Apples,Retailer Assigned Apples
4206,Apples,Retailer Assigned Apples
4207,Apples,Retailer Assigned Apples
4208,Apples,Retailer Assigned Apples
4209,Apples,Retailer Assigned Apples
4210,Apples,Retailer Assigned Apples
4211,Apples,Retailer Assigned Apples
4212,Apples,Retailer Assigned Apples
4213,Apples,Retailer Assigned Apples
4214,Apples,Retailer Assigned Apples
4215,Apples,Retailer Assigned Apples
4216,Apples,Retailer Assigned Apples
4217,Apples,Retailer Assigned Apples
3044,Apricots,Black Velvet Apricots
3302,Apricots,Large Regular Apricots
3422,Apricots,Interspecific Apricots
3614,Apricots,Red Apricots
4218,Apricots,Small Regular Apricots
4219,Apricots,Retailer Assigned Apricots
4861,Apricots,Dried Apricots
3390,Arracach,Arracach
3391,Artichokes,Rouge Salambo (Red) Artichokes
4084,Artichokes,Large Artichokes
4516,Artichokes,Small Artichokes
4517,Artichokes,Small Purple Artichokes
4518,Artichokes,Large Purple Artichokes
4519,Artichokes,Baby/Cocktail Artichokes
4520,Artichokes,Retailer Assigned Artichokes
4762,Artichokes,Extra-Large Artichokes
4884,Arugula/Rocket,Arugula/Rocket
3079,Asparagus,Purple Asparagus
3392,Asparagus,Green - Bunch Asparagus
3393,Asparagus,White - Bunch Asparagus
3394,Asparagus,Purple - Bunch Asparagus
4080,Asparagus,Small Green Asparagus
4521,Asparagus,Large Green Asparagus
4522,Asparagus,Small White Asparagus
4523,Asparagus,Large White Asparagus
4524,Asparagus,Tips Asparagus
4525,Asparagus,Retailer Assigned Asparagus
4526,Asparagus,Retailer Assigned Asparagus
4220,Atemoyas,Atemoyas
3080,Avocados,Pinkerton Avocados
3354,Avocados,Ripe/Ready-To-Eat Avocados
3509,Avocados,Gem Avocados
4046,Avocados,Small Hass Avocados
4221,Avocados,Small Green Avocados
4222,Avocados,Small Green Avocados
4223,Avocados,Large Green Avocados
4224,Avocados,Large Green Avocados
4225,Avocados,Large Hass Avocados
4226,Avocados,Cocktail/Seedless Avocados
4227,Avocados,Retailer Assigned Avocados
4228,Avocados,Retailer Assigned Avocados
4770,Avocados,Hass Avocados
4771,Avocados,Medium Green Avocados
3303,Babaco,Babaco
3287,Bananas,Hawaiian Plantain Bananas
4011,Bananas,Yellow (Includes Cavendish) Bananas
4186,Bananas,Small Yellow (Includes Cavendish) Bananas
4229,Bananas,Burro Bananas
4230,Bananas,Dominique Bananas
4231,Bananas,Green Bananas
4232,Bananas,Leaves Bananas
4233,Bananas,Apple/Manzano Bananas
4234,Bananas,Baby/Nino Bananas
4235,Bananas,Plantain/Macho Bananas
4236,Bananas,Red Bananas
4237,Bananas,Retailer Assigned Bananas
4238,Bananas,Retailer Assigned Bananas
4885,Basil,Basil
4886,Basil,Opal Basil
4887,Basil,Sweet Basil
3062,Bay Leaves,Bay Leaves
4536,Bean Sprouts,Mung Bean Sprouts Bean Sprouts
3048,Beans,Helda/Flat Beans
3049,Beans,Fine Beans
4066,Beans,Green/French Beans
4527,Beans,Chinese Long/Snake Beans
4528,Beans,Fava/Broad Beans
4529,Beans,Lima Beans
4530,Beans,Pole/Runner/Stick Beans
4531,Beans,Purple Hull Beans
4532,Beans,Shell Beans
4533,Beans,Wax/Yellow Beans
4534,Beans,Winged Beans
4535,Beans,Retailer Assigned Beans
4542,Beet Greens,Beet Greens
3273,Beets,Golden Beets
4537,Beets,Baby Golden Beets
4538,Beets,Baby Red Beets
4539,Beets,Bunch Beets
4540,Beets,Loose Beets
4541,Beets,Retailer Assigned Beets
3395,Belgian Endive (Witloof Chicory),Red Belgian Endive (Witloof Chicory)
4543,Belgian Endive (Witloof Chicory),Belgian Endive (Witloof Chicory)
3081,Berries,Saskatoon Berries
3304,Berries,Loganberries Berries
3355,Berries,Strawberries - Nominal 500G/1 Litre Berries
3356,Berries,Strawberries - Nominal250G/1/2 Litre Berries
4028,Berries,Pint Strawberries Berries
4054,Berries,Raspberries - Red Berries
4239,Berries,Blackberries Berries
4240,Berries,Blueberries Berries
4241,Berries,Boysenberries Berries
4242,Berries,Cranberries Berries
4243,Berries,Gooseberries Berries
4244,Berries,Raspberries - Black Berries
4245,Berries,Raspberries - Golden Berries
4246,Berries,Pint Strawberries Berries
4247,Berries,Quart Strawberries Berries
4248,Berries,Quart Strawberries Berries
4249,Berries,Bulk 3-pack (3 pints) Strawberries Berries
4250,Berries,Bulk 3-pack (3 pints) Strawberries Berries
4251,Berries,Long-Stemmed Strawberries Berries
4252,Berries,Retailer Assigned Berries
4253,Berries,Retailer Assigned Berries
4323,Berries,Bulk Strawberries Berries
4783,"Bitter Melon/Bitter Gourd, Foo Qua","Foo Qua Bitter Melon/Bitter Gourd, Foo Qua"
3163,Bok Choy (Pak Choi),Shanghai Bok Choy (Pak Choi)
4544,Bok Choy (Pak Choi),Small/Baby Bok Choy (Pak Choi)
4545,Bok Choy (Pak Choi),Bok Choy (Pak Choi)
4546,Boniato,See Also Sweet Potato Boniato
3419,Borage,Borage
4926,Brazilnuts,Brazilnuts
4254,Breadfruit,Breadfruit
3082,Broccoli,Crowns Broccoli
3277,Broccoli,Baby Broccoli
4060,Broccoli,Broccoli
4547,Broccoli,Broccoli Rabe (Italian Rapini)/ Chinese Broccoli (Gai Lan) Broccoli
4548,Broccoli,Florettes Broccoli
4549,Broccoli,Retailer Assigned Broccoli
3083,Brussels Sprouts,Stalk Brussels Sprouts
4550,Brussels Sprouts,Brussels Sprouts
4551,Brussels Sprouts,Retailer Assigned Brussels Sprouts
3050,Cabbage,Dutch White/Winter White Cabbage
3051,Cabbage,Spring Cabbage/Spring Greens Cabbage
3166,Cabbage,Tuscan Cabbage
3396,Cabbage,"Savoy, Red Cabbage"
3397,Cabbage,Summer Cabbage - Pointed Type Cabbage
4069,Cabbage,Green Cabbage
4552,Cabbage,Chinese/Napa/Wong Bok Cabbage
4554,Cabbage,Red Cabbage
4555,Cabbage,"Savoy, Green Cabbage"
4556,Cabbage,Retailer Assigned Cabbage
4557,Cabbage,Retailer Assigned Cabbage
3471,Cactus Leaves (Nopales/Cactus Pads),Baby Cactus Leaves (Nopales/Cactus Pads)
4558,Cactus Leaves (Nopales/Cactus Pads),Cactus Leaves (Nopales/Cactus Pads)
4255,Cactus Pear (Prickly Pear),Cactus Pear (Prickly Pear)
4256,Carambola (Starfruit),Carambola (Starfruit)
4559,Cardoon (Cardoni),Cardoon (Cardoni)
3424,Carrots,Purple/Red - Beta Sweet Carrots
4094,Carrots,Bunch Carrots
4560,Carrots,Baby Carrots
4561,Carrots,French Carrots
4562,Carrots,Loose Carrots
4563,Carrots,Carrot Sticks Carrots
4564,Carrots,Retailer Assigned Carrots
4565,Carrots,Retailer Assigned Carrots
3105,Cashews,Cashews
3320,Cauliflower,Romanesco/Broccoflower/Caulibroc Cauliflower
3436,Cauliflower,Orange Cauliflower
4079,Cauliflower,Small Cauliflower
4566,Cauliflower,Florettes Cauliflower
4567,Cauliflower,Green Cauliflower
4568,Cauliflower,Purple Cauliflower
4569,Cauliflower,Retailer Assigned Cauliflower
4570,Cauliflower,Retailer Assigned Cauliflower
4571,Cauliflower,Retailer Assigned Cauliflower
4572,Cauliflower,Large Cauliflower
4573,Cauliflower,Baby Cauliflower
4070,Celery,Small Bunch Celery
4071,Celery,Small Bunch Celery
4575,Celery,Hearts Celery
4576,Celery,Celery Sticks Celery
4577,Celery,Retailer Assigned Celery
4578,Celery,Retailer Assigned Celery
4579,Celery,Retailer Assigned Celery
4580,Celery,Retailer Assigned Celery
4581,Celery,Retailer Assigned Celery
4582,Celery,Large Bunch Celery
4583,Celery,Large Bunch Celery
3321,Celery Root/Celeriac,With Leaves Attached Celery Root/Celeriac
4585,Celery Root/Celeriac,Celery Root/Celeriac
4586,Chard (Swiss Chard)/Silverbeet,Green Chard (Swiss Chard)/Silverbeet
4587,Chard (Swiss Chard)/Silverbeet,Red Chard (Swiss Chard)/Silverbeet
4588,Chard (Swiss Chard)/Silverbeet,Retailer Assigned Chard (Swiss Chard)/Silverbeet
4257,Cherimoya,Cherimoya
3357,Cherries,Small Regular/Red/Black Cherries
3358,Cherries,Large Regular/Red/Black Cherries
3448,Cherries,Tip Top Cherries
4045,Cherries,Regular/Red/Black Cherries
4258,Cherries,Golden/Rainier/White Cherries
4259,Cherries,Retailer Assigned Cherries
3084,Chervil,Chervil
4927,Chestnuts,Chestnuts
3398,Chickpeas,Chickpeas/Garbanzo Chickpeas
3479,Chipilin Leaf,Chipilin Leaf
3462,Chives,Garlic/Chinese Chives
4888,Chives,Chives
3322,Choy Sum/Pak Choi Sum,Choy Sum/Pak Choi Sum
3323,Choy Sum/Pak Choi Sum,Baby Choy Sum/Pak Choi Sum
4889,Cilantro (Chinese Parsley/Coriander),Cilantro (Chinese Parsley/Coriander)
4260,Coconuts,In Husk/Waternut Coconuts
4261,Coconuts,Husked Coconuts
4262,Coconuts,Retailer Assigned Coconuts
3085,Corn,"Large Indian, Decorative Corn"
3086,Corn,Mini Indian. Decorative Corn
3087,Corn,"Indian, Strawberry Corn"
4077,Corn,"Sweet Corn, White Corn"
4078,Corn,"Sweet Corn, Yellow Corn"
4589,Corn,"Sweet Corn, Baby Corn"
4590,Corn,"Sweet Corn, Bi-Color Corn"
4591,Corn,Retailer Assigned Corn
4062,Cucumber,Green/Ridge/Short Cucumber
4592,Cucumber,Armenian Cucumber
4593,Cucumber,English/Hot House/Long Seedless/Telegraph/Continental Cucumber
4594,Cucumber,Japanese/White Cucumber
4595,Cucumber,Lemon Cucumber
4596,Cucumber,Pickling/Gherkin Cucumber
4597,Cucumber,Retailer Assigned Cucumber
3088,Currants,Red Currants
3305,Currants,Black Currants
4598,Daikon,(See Also Radish) Daikon
3045,Dates,"Fresh, On Branch Dates"
3046,Dates,"Fresh, Frozen Dates"
3047,Dates,Medjool Dates
4263,Dates,Fresh - Regular Dates
4264,Dates,Fresh - Retailer Assigned Dates
4862,Dates,Dried Dates
4863,Dates,Retailer Assigned - Dried Dates
4891,Dill,Dill
4892,Dill,Baby Dill
4893,Dill,Pickling Dill
3089,Eggplant (Aubergine),Chinese Eggplant (Aubergine)
3090,Eggplant (Aubergine),Thai Eggplant (Aubergine)
4081,Eggplant (Aubergine),Regular Eggplant (Aubergine)
4599,Eggplant (Aubergine),Baby Eggplant (Aubergine)
4600,Eggplant (Aubergine),Baby White Eggplant (Aubergine)
4601,Eggplant (Aubergine),Japanese Eggplant (Aubergine)
4602,Eggplant (Aubergine),White Eggplant (Aubergine)
4603,Eggplant (Aubergine),Retailer Assigned Eggplant (Aubergine)
4604,Endive/Chicory,Endive/Chicory
3473,Epazote,Epazote
3324,Escarole/Batavian Chicory,Red Escarole/Batavian Chicory
4605,Escarole/Batavian Chicory,Green Escarole/Batavian Chicory
4265,Feijoa,Feijoa
4515,Fennel,Florence/Sweet Fennel/Fennel Bulb Fennel
3063,Fennel Leaves,Fennel Leaves
4606,Fiddlehead Ferns,Fiddlehead Ferns
3337,Figs,(Dried Fruit) Figs
4266,Figs,Black Figs
4267,Figs,Brown Figs
4268,Figs,White/Green Figs
4269,Figs,Retailer Assigned Figs
4928,Filberts,Cobnut/Hazelnut Filberts
3170,For Use With All Commodities,Retailer Assigned For Use With All Commodities
3171,For Use With All Commodities,Retailer Assigned For Use With All Commodities
3172,For Use With All Commodities,Retailer Assigned For Use With All Commodities
3173,For Use With All Commodities,Retailer Assigned For Use With All Commodities
3174,For Use With All Commodities,Retailer Assigned For Use With All Commodities
3175,For Use With All Commodities,Retailer Assigned For Use With All Commodities
3176,For Use With All Commodities,Retailer Assigned For Use With All Commodities
3177,For Use With All Commodities,Retailer Assigned For Use With All Commodities
3178,For Use With All Commodities,Retailer Assigned For Use With All Commodities
3179,For Use With All Commodities,Retailer Assigned For Use With All Commodities
3180,For Use With All Commodities,Retailer Assigned For Use With All Commodities
3181,For Use With All Commodities,Retailer Assigned For Use With All Commodities
3182,For Use With All Commodities,Retailer Assigned For Use With All Commodities
3183,For Use With All Commodities,Retailer Assigned For Use With All Commodities
3184,For Use With All Commodities,Retailer Assigned For Use With All Commodities
3185,For Use With All Commodities,Retailer Assigned For Use With All Commodities
3186,For Use With All Commodities,Retailer Assigned For Use With All Commodities
3187,For Use With All Commodities,Retailer Assigned For Use With All Commodities
3188,For Use With All Commodities,Retailer Assigned For Use With All Commodities
3189,For Use With All Commodities,Retailer Assigned For Use With All Commodities
3190,For Use With All Commodities,Retailer Assigned For Use With All Commodities
3191,For Use With All Commodities,Retailer Assigned For Use With All Commodities
3192,For Use With All Commodities,Retailer Assigned For Use With All Commodities
3193,For Use With All Commodities,Retailer Assigned For Use With All Commodities
3194,For Use With All Commodities,Retailer Assigned For Use With All Commodities
3195,For Use With All Commodities,Retailer Assigned For Use With All Commodities
3196,For Use With All Commodities,Retailer Assigned For Use With All Commodities
3197,For Use With All Commodities,Retailer Assigned For Use With All Commodities
3198,For Use With All Commodities,Retailer Assigned For Use With All Commodities
3199,For Use With All Commodities,Retailer Assigned For Use With All Commodities
3200,For Use With All Commodities,Retailer Assigned For Use With All Commodities
3201,For Use With All Commodities,Retailer Assigned For Use With All Commodities
3202,For Use With All Commodities,Retailer Assigned For Use With All Commodities
3203,For Use With All Commodities,Retailer Assigned For Use With All Commodities
3204,For Use With All Commodities,Retailer Assigned For Use With All Commodities
3205,For Use With All Commodities,Retailer Assigned For Use With All Commodities
3206,For Use With All Commodities,Retailer Assigned For Use With All Commodities
3207,For Use With All Commodities,Retailer Assigned For Use With All Commodities
3208,For Use With All Commodities,Retailer Assigned For Use With All Commodities
3209,For Use With All Commodities,Retailer Assigned For Use With All Commodities
3210,For Use With All Commodities,Retailer Assigned For Use With All Commodities
3211,For Use With All Commodities,Retailer Assigned For Use With All Commodities
3212,For Use With All Commodities,Retailer Assigned For Use With All Commodities
3213,For Use With All Commodities,Retailer Assigned For Use With All Commodities
3214,For Use With All Commodities,Retailer Assigned For Use With All Commodities
3215,For Use With All Commodities,Retailer Assigned For Use With All Commodities
3216,For Use With All Commodities,Retailer Assigned For Use With All Commodities
3217,For Use With All Commodities,Retailer Assigned For Use With All Commodities
3218,For Use With All Commodities,Retailer Assigned For Use With All Commodities
3219,For Use With All Commodities,Retailer Assigned For Use With All Commodities
3220,For Use With All Commodities,Retailer Assigned For Use With All Commodities
3221,For Use With All Commodities,Retailer Assigned For Use With All Commodities
3222,For Use With All Commodities,Retailer Assigned For Use With All Commodities
3223,For Use With All Commodities,Retailer Assigned For Use With All Commodities
3224,For Use With All Commodities,Retailer Assigned For Use With All Commodities
3225,For Use With All Commodities,Retailer Assigned For Use With All Commodities
3226,For Use With All Commodities,Retailer Assigned For Use With All Commodities
3227,For Use With All Commodities,Retailer Assigned For Use With All Commodities
3228,For Use With All Commodities,Retailer Assigned For Use With All Commodities
3229,For Use With All Commodities,Retailer Assigned For Use With All Commodities
3230,For Use With All Commodities,Retailer Assigned For Use With All Commodities
3231,For Use With All Commodities,Retailer Assigned For Use With All Commodities
3232,For Use With All Commodities,Retailer Assigned For Use With All Commodities
3233,For Use With All Commodities,Retailer Assigned For Use With All Commodities
3234,For Use With All Commodities,Retailer Assigned For Use With All Commodities
3235,For Use With All Commodities,Retailer Assigned For Use With All Commodities
3236,For Use With All Commodities,Retailer Assigned For Use With All Commodities
3237,For Use With All Commodities,Retailer Assigned For Use With All Commodities
3238,For Use With All Commodities,Retailer Assigned For Use With All Commodities
3239,For Use With All Commodities,Retailer Assigned For Use With All Commodities
3240,For Use With All Commodities,Retailer Assigned For Use With All Commodities
3241,For Use With All Commodities,Retailer Assigned For Use With All Commodities
3242,For Use With All Commodities,Retailer Assigned For Use With All Commodities
3243,For Use With All Commodities,Retailer Assigned For Use With All Commodities
3244,For Use With All Commodities,Retailer Assigned For Use With All Commodities
3245,For Use With All Commodities,Retailer Assigned For Use With All Commodities
3246,For Use With All Commodities,Retailer Assigned For Use With All Commodities
3247,For Use With All Commodities,Retailer Assigned For Use With All Commodities
3248,For Use With All Commodities,Retailer Assigned For Use With All Commodities
3249,For Use With All Commodities,Retailer Assigned For Use With All Commodities
3250,For Use With All Commodities,Retailer Assigned For Use With All Commodities
3251,For Use With All Commodities,Retailer Assigned For Use With All Commodities
3252,For Use With All Commodities,Retailer Assigned For Use With All Commodities
3253,For Use With All Commodities,Retailer Assigned For Use With All Commodities
3254,For Use With All Commodities,Retailer Assigned For Use With All Commodities
3255,For Use With All Commodities,Retailer Assigned For Use With All Commodities
3256,For Use With All Commodities,Retailer Assigned For Use With All Commodities
3257,For Use With All Commodities,Retailer Assigned For Use With All Commodities
3258,For Use With All Commodities,Retailer Assigned For Use With All Commodities
3259,For Use With All Commodities,Retailer Assigned For Use With All Commodities
3260,For Use With All Commodities,Retailer Assigned For Use With All Commodities
3261,For Use With All Commodities,Retailer Assigned For Use With All Commodities
3262,For Use With All Commodities,Retailer Assigned For Use With All Commodities
3263,For Use With All Commodities,Retailer Assigned For Use With All Commodities
3264,For Use With All Commodities,Retailer Assigned For Use With All Commodities
3265,For Use With All Commodities,Retailer Assigned For Use With All Commodities
3266,For Use With All Commodities,Retailer Assigned For Use With All Commodities
3267,For Use With All Commodities,Retailer Assigned For Use With All Commodities
3268,For Use With All Commodities,Retailer Assigned For Use With All Commodities
3269,For Use With All Commodities,Retailer Assigned For Use With All Commodities
3270,For Use With All Commodities,Retailer Assigned For Use With All Commodities
4460,For Use With All Commodities,Retailer Assigned For Use With All Commodities
4461,For Use With All Commodities,Retailer Assigned For Use With All Commodities
4462,For Use With All Commodities,Retailer Assigned For Use With All Commodities
4463,For Use With All Commodities,Retailer Assigned For Use With All Commodities
4464,For Use With All Commodities,Retailer Assigned For Use With All Commodities
4465,For Use With All Commodities,Retailer Assigned For Use With All Commodities
4466,For Use With All Commodities,Retailer Assigned For Use With All Commodities
4467,For Use With All Commodities,Retailer Assigned For Use With All Commodities
4468,For Use With All Commodities,Retailer Assigned For Use With All Commodities
4469,For Use With All Commodities,Retailer Assigned For Use With All Commodities
3167,Frisee,Frisee
3161,Gai (Gui) Choy (Chinese Or Indian Mustard),Baby - Chinese Or Indian Mustard Gai (Gui) Choy (Chinese Or Indian Mustard)
4607,Gai (Gui) Choy (Chinese Or Indian Mustard),Chinese Or Indian Mustard Gai (Gui) Choy (Chinese Or Indian Mustard)
3160,Gai Lan,Synonymous With Chinese Broccoli Gai Lan
3453,Galangal Root,Galangal Root
3052,Garlic,String Garlic
3399,Garlic,Regular - Fresh/Semi-Dried With Leaves Attached Garlic
3400,Garlic,Regular - Smoked Garlic
3401,Garlic,One-Clove Types Garlic
4608,Garlic,Regular Garlic
4609,Garlic,Elephant Garlic
4610,Garlic,Retailer Assigned Garlic
4611,Garlic,Retailer Assigned Garlic
4612,Ginger Root,Regular Ginger Root
4613,Ginger Root,Retailer Assigned Ginger Root
3091,Gobo Root/Burdock,Gobo Root/Burdock
3135,Gourd,Ornamental Gourd
3092,Grapefruit,Oroblanco/Sweetie Grapefruit
3129,Grapefruit,Pummelo - Red Grapefruit
3152,Grapefruit,Melogold Grapefruit
3157,Grapefruit,Extra-Large White Grapefruit
3158,Grapefruit,Extra-Large White Grapefruit
3159,Grapefruit,Extra-Large White Grapefruit
3361,Grapefruit,Without P/Harvest Treatment Grapefruit
4027,Grapefruit,"Small Ruby/Red/Pink (Includes Ray Ruby, Ruby, Ruby Red) Grapefruit"
4047,Grapefruit,"Small Ruby/Red/Pink (Includes Ray Ruby, Ruby, Ruby Red) Grapefruit"
4279,Grapefruit,Pummelo - White Grapefruit
4280,Grapefruit,"Small Ruby/Red/Pink (Includes Ray Ruby, Ray, Ruby Red) Grapefruit"
4281,Grapefruit,"Large Ruby/Red/Pink (Ncludes Ray Ruby, Ruby, Ruby Red) Grapefruit"
4282,Grapefruit,"Large Ruby/Red/Pink (Includes Ray Ruby, Ruby, Ruby Red) Grapefruit"
4283,Grapefruit,"Large Ruby/Red/Pink (Includes Ray Ruby, Ray, Ruby Red) Grapefruit"
4284,Grapefruit,Small Deep Red Grapefruit
4285,Grapefruit,Small Deep Red Grapefruit
4286,Grapefruit,Small Deep Red Grapefruit
4287,Grapefruit,Large Deep Red Grapefruit
4288,Grapefruit,Large Deep Red Grapefruit
4289,Grapefruit,Large Deep Red Grapefruit
4290,Grapefruit,Small White Grapefruit
4291,Grapefruit,Small White Grapefruit
4292,Grapefruit,Small White Grapefruit
4293,Grapefruit,Large White Grapefruit
4294,Grapefruit,Large White Grapefruit
4295,Grapefruit,Large White Grapefruit
4296,Grapefruit,Retailer Assigned Grapefruit
4297,Grapefruit,Retailer Assigned Grapefruit
4298,Grapefruit,Retailer Assigned Grapefruit
4491,Grapefruit,"Extra-Large Ruby/Red/Pink (Includes Ray Ruby, Ruby, Ruby Red) Grapefruit"
4492,Grapefruit,"Extra-Large Ruby/Red/Pink (Includes Ray Ruby, Ruby, Ruby Red) Grapefruit"
4493,Grapefruit,"Extra-Large Ruby/Red/Pink (Includes Ray Ruby, Ruby, Ruby Red) Grapefruit"
4494,Grapefruit,Extra-Large Deep Red Grapefruit
4495,Grapefruit,Extra-Large Deep Red Grapefruit
4496,Grapefruit,Extra-Large Deep Red Grapefruit
3043,Grapes,"Italia, Seeded Grapes"
3093,Grapes,Retailer Assigned Grapes
3094,Grapes,Retailer Assigned Grapes
3359,Grapes,Chasselas Grapes
3360,Grapes,Muscat De Hambourg Grapes
3449,Grapes,Sugrathirteen Grapes
3450,Grapes,Sugranineteen Grapes
3451,Grapes,Sugrathirtyfour Grapes
3452,Grapes,Sugrathirtyfive Grapes
3469,Grapes,Sugrasixteen Grapes
3491,Grapes,Arra Fifteen Grapes
3492,Grapes,Arra Twentynine Grapes
3496,Grapes,Ifg Core Red Seedless Grapes
3497,Grapes,Ifg Core Black Seedless Grapes
3498,Grapes,Ifg Core Green Seedless Grapes
3499,Grapes,Ifg Novelty Red Seedless Grapes
3500,Grapes,Ifg Novelty Black Seedless Grapes
3501,Grapes,Ifg Novelty Green Seedless Grapes
3502,Grapes,Arra Twentyseven Grapes
3503,Grapes,Arra Twentyeight Grapes
3504,Grapes,Arra Thirty Grapes
3505,Grapes,Arra Thirtytwo Grapes
3506,Grapes,Sweet Scarlet Grapes
3508,Grapes,Thomcord Grapes
3530,Grapes,Jupiter Grapes
3531,Grapes,Sugra Family Black Seedless Grapes
3532,Grapes,Sugra Family Green Seedless Grapes
3533,Grapes,Sugra Family Novelty Seedless Grapes
3534,Grapes,Sugra Family Red Seedless Grapes
4022,Grapes,White/Green Seedless - Peerlette Seedless/Thompson Seedless Grapes
4023,Grapes,Red Seedless - Flame/Ruby/Emperatriz Grapes
4056,Grapes,Blue/Black Seedless (All Other Varieties Not Listed Above Including Beauty And Autumn Royal) Grapes
4270,Grapes,Blue/Black Seeded (Ribier/Exotic/Niabel) Grapes
4271,Grapes,Champagne Grapes
4272,Grapes,Concord Grapes
4273,Grapes,Red Seeded (Cardinal/Emperor/Queen/Christmas Rose) Grapes
4274,Grapes,White/Green Seeded (All Others Not Listed) Grapes
4275,Grapes,Retailer Assigned Grapes
4276,Grapes,Retailer Assigned Grapes
4277,Grapes,Retailer Assigned Grapes
4278,Grapes,Retailer Assigned Grapes
4497,Grapes,Sugraone Grapes
4498,Grapes,White/Green Seedless (All Others Not Listed Above (Including Autumn King)) Grapes
4499,Grapes,Crimson/Majestic Grapes
4635,Grapes,Red Seedless Grapes
4636,Grapes,Red Globe Grapes
4637,Grapes,Red Seeded Grapes
4638,Grapes,Fantasy/Marroo Grapes
4957,Grapes,Blue/Black Seeded (All Others Not Listed Above) Grapes
4614,Greens,Collard Greens
4615,Greens,Dandelion Greens
4616,Greens,Mustard (Synonymous With Gai (Gui) Choy) Greens
4617,Greens,Polk Greens Greens
4618,Greens,Texas Mustard Greens
4619,Greens,Turnip Greens
4620,Greens,Retailer Assigned Greens
4621,Greens,Retailer Assigned Greens
4622,Greens,Retailer Assigned Greens
4623,Greens,Retailer Assigned Greens
4624,Greens,Retailer Assigned Greens
4299,Guava,Guava
4300,Homli Fruit,Homli Fruit
4625,Horseradish Root,Horseradish Root
3454,Jackfruit,Green Jackfruit
3455,Jackfruit,Yellow Jackfruit
4626,Jicama/Yam Bean,Jicama/Yam Bean
3095,Kale,Multicolor Kale
4627,Kale,Kale
3446,Kale Sprouts,Kale Sprouts
4302,Kiwano (Horned Melon),Kiwano (Horned Melon)
3279,Kiwifruit,Golden Kiwifruit
3280,Kiwifruit,Jumbo Regular Kiwifruit
3517,Kiwifruit,Retailer Assigned - Gold Derivative Varieties Kiwifruit
4030,Kiwifruit,Regular Kiwifruit
4301,Kiwifruit,Retailer Assigned Kiwifruit
3096,Kohlrabi,Purple/Red/All Other Colors Kohlrabi
4628,Kohlrabi,Kohlrabi
4303,Kumquat,Kumquat
3402,Leeks,Regular - Bunch Leeks
3403,Leeks,Baby - Bunch Leeks
4629,Leeks,Regular Leeks
4630,Leeks,Baby Leeks
4894,Lemongrass,Lemongrass
3362,Lemons,Without Postharvest Treatment Lemons
3617,Lemons,Seedless Lemons
3626,Lemons,Meyer Lemons
4033,Lemons,Small Lemons
4053,Lemons,Large Lemons
4304,Lemons,Retailer Assigned Lemons
4958,Lemons,Medium Lemons
3097,Lettuce,"Romaine, Red Lettuce"
3098,Lettuce,"Boston, Red Lettuce"
3169,Lettuce,Catalogna Lettuce
3325,Lettuce,Lollo Bionda/Coral - Green Lettuce
3326,Lettuce,Lollo Rossa/Coral - Red Lettuce
3327,Lettuce,Mignonette (Compact Red-Tinged Butterhead Varieties) Lettuce
3328,Lettuce,Mixed Small-Leaf Salad Lettuce
3329,Lettuce,Oak Leaf - Green Lettuce
3330,Lettuce,Oak Leaf - Reg Lettuce
4061,Lettuce,Iceberg Lettuce
4075,Lettuce,Red Leaf Lettuce
4076,Lettuce,Green Leaf Lettuce
4631,Lettuce,Bibb/Flat/Round Lettuce
4632,Lettuce,Boston/Butter Lettuce
4633,Lettuce,Hydroponic Lettuce
4634,Lettuce,Iceberg Lettuce
4639,Lettuce,Mache Lettuce
4640,Lettuce,Romaine/Cos Lettuce
4641,Lettuce,Retailer Assigned Lettuce
4642,Lettuce,Retailer Assigned Lettuce
4643,Lettuce,Retailer Assigned Lettuce
4328,Limequats,Limequats
4048,Limes,"Regular (Incl. Persian, Tahiti & Bearss) Limes"
4305,Limes,Key (Incl. Mexican & West Indian) Limes
4306,Limes,Retailer Assigned Limes
4307,Longan,Longan
4308,Loquats,Loquats
3099,Lotus Root,Lotus Root
4309,Lychees,Lychees
3106,Macadamia,Macadamia
3366,Madroña,Madroña
4644,Malanga,Malanga
4310,Mamey,Mamey
3114,Mango,Extra-Large Green Mango
3363,Mango,Kensington Pride Mango
3364,Mango,R2E2 Mango
3365,Mango,Ripe/Ready-To-Eat Mango
3464,Mango,B-74 Mango
3488,Mango,Extra-Large Red Mango
3621,Mango,Francis Mango
4051,Mango,"Small Red (Includes Tommy Atkins, Kent, Palmer, Vandyke, Edward,Hayden) Mango"
4311,Mango,Small Green (Includes Keitt And Francis) Mango
4312,Mango,"Small Yellow (Includes Oro, Ataulfo/Honey Manila) Mango"
4313,Mango,Retailer Assigned Mango
4314,Mango,Retailer Assigned Mango
4315,Mango,Retailer Assigned Mango
4316,Mango,Retailer Assigned Mango
4584,Mango,Large Green (Includes Keitt And Francis) Mango
4959,Mango,"Large Red (Includes Tommy Atkins, Kent, Palmer Vandyke, Edward, Hayden) Mango"
4961,Mango,Large Yellow Mango
3042,Mangosteen,Mangosteen
4895,Marjoram,Marjoram
3033,Melon,Small Charentais Melon
3034,Melon,Large Charentais Melon
3100,Melon,Gold Honeydew Melon
3101,Melon,Piel De Sapo Melon
3281,Melon,"Watermelon - Orange, Seedless Melon"
3289,Melon,Sprite Melon
3306,Melon,Medium Charentais Melon
3307,Melon,Extra-Large Charentais Melon
3308,Melon,"Watermelon - Orange, Seedless Melon"
3367,Melon,Glasshouse - Netted Varieties Melon
3368,Melon,Ogen Melon
3421,Melon,3-7 LBS Watermelon - Mini Seedless Melon
3456,Melon,Winter Melon
3470,Melon,"Watermelon - Red, Small Seeds Melon"
3494,Melon,3-7 LBS Watermelon - Yellow Mini Seedless Melon
3622,Melon,Honey Green Melon
3623,Melon,Hami Melon
3624,Melon,Korean Melon
4031,Melon,Watermelon - Red Melon
4032,Melon,"Watermelon - Red, Seedless Melon"
4034,Melon,Large Honeydew/White Honeydew Melon
4049,Melon,Small Cantaloupe/Rockmelon Melon
4050,Melon,Large Cantaloupe/Rockmelon Melon
4317,Melon,Canary/Yellow Honeydew Melon
4318,Melon,Small Cantaloupe/Muskmelon Melon
4319,Melon,Large Cantaloupe/Muskmelon Melon
4320,Melon,Casaba Melon
4321,Melon,Cinnabar Melon
4322,Melon,Crenshaw Melon
4324,Melon,French Afternoon Melon
4325,Melon,French Breakfast Melon
4326,Melon,Galia Melon
4327,Melon,Orange Flesh/Cantaline Melon
4329,Melon,Small Honeydew/White Honeydew Melon
4330,Melon,Mayan Melon
4331,Melon,Mickey Lee Watermelon/Sugarbaby Melon
4332,Melon,Muskmelon Melon
4333,Melon,Pepino Melon
4334,Melon,Persian Melon
4335,Melon,Prince Melon
4336,Melon,Santa Claus Melon
4337,Melon,Saticoy Melon
4338,Melon,Sharlin Melon
4339,Melon,Spanish/Tendral Melon
4340,Melon,Watermelon - Yellow Melon
4341,Melon,"Watermelon - Yellow, Seedless Melon"
4342,Melon,Retailer Assigned (Includes Pre-Cut Melons) Melon
4343,Melon,Retailer Assigned (Includes Pre-Cut Melons) Melon
4344,Melon,Retailer Assigned (Includes Pre-Cut Melons) Melon
4345,Melon,Retailer Assigned (Includes Pre-Cut Melons) Melon
4346,Melon,Retailer Assigned (Includes Pre-Cut Melons) Melon
4347,Melon,Retailer Assigned (Includes Pre-Cut Melons) Melon
4348,Melon,Retailer Assigned (Includes Pre-Cut Melons) Melon
4349,Melon,Retailer Assigned (Includes Pre-Cut Melons) Melon
4350,Melon,Retailer Assigned (Includes Pre-Cut Melons) Melon
4351,Melon,Retailer Assigned (Includes Pre-Cut Melons) Melon
4352,Melon,Retailer Assigned (Includes Pre-Cut Melons) Melon
4353,Melon,Retailer Assigned (Includes Pre-Cut Melons) Melon
4354,Melon,Retailer Assigned (Includes Pre-Cut Melons) Melon
4355,Melon,Retailer Assigned (Includes Pre-Cut Melons) Melon
4356,Melon,Retailer Assigned (Includes Pre-Cut Melons) Melon
4357,Melon,Retailer Assigned (Includes Pre-Cut Melons) Melon
4358,Melon,Retailer Assigned (Includes Pre-Cut Melons) Melon
4359,Melon,Retailer Assigned (Includes Pre-Cut Melons) Melon
4360,Melon,Retailer Assigned (Includes Pre-Cut Melons) Melon
4361,Melon,Retailer Assigned (Includes Pre-Cut Melons) Melon
4362,Melon,Retailer Assigned (Includes Pre-Cut Melons) Melon
4363,Melon,Retailer Assigned (Includes Pre-Cut Melons) Melon
4364,Melon,Retailer Assigned (Includes Pre-Cut Melons) Melon
4365,Melon,Retailer Assigned (Includes Pre-Cut Melons) Melon
4366,Melon,Retailer Assigned (Includes Pre-Cut Melons) Melon
4367,Melon,Retailer Assigned (Includes Pre-Cut Melons) Melon
4368,Melon,Retailer Assigned (Includes Pre-Cut Melons) Melon
4369,Melon,Retailer Assigned (Includes Pre-Cut Melons) Melon
4370,Melon,Retailer Assigned (Includes Pre-Cut Melons) Melon
4371,Melon,Retailer Assigned (Includes Pre-Cut Melons) Melon
4372,Melon,Retailer Assigned (Includes Pre-Cut Melons) Melon
4373,Melon,Retailer Assigned (Includes Pre-Cut Melons) Melon
4374,Melon,Retailer Assigned (Includes Pre-Cut Melons) Melon
4375,Melon,Retailer Assigned (Includes Pre-Cut Melons) Melon
4376,Melon,Retailer Assigned (Includes Pre-Cut Melons) Melon
3475,Mint,Peppermint Mint
4896,Mint,Mint
4929,Mixed Nuts,Mixed Nuts
3102,Mushrooms,Morel Mushrooms
3103,Mushrooms,Enoki Mushrooms
3404,Mushrooms,Cep Mushrooms
3405,Mushrooms,Fairy Ring Champignon Mushrooms
3406,Mushrooms,Grey - Tricholoma Mushrooms
3407,Mushrooms,Grisette Mushrooms
3408,Mushrooms,Horn Of Plenty/Black Trumpet Mushrooms
3409,Mushrooms,Pioppino Mushrooms
3410,Mushrooms,Saffron Milk-Cap Mushrooms
3411,Mushrooms,Sheep Polypore Mushrooms
4085,Mushrooms,Large Regular Mushrooms
4645,Mushrooms,"Small Regular, Button Mushrooms"
4646,Mushrooms,Black Forest Mushrooms
4647,Mushrooms,Chanterelle Mushrooms
4648,Mushrooms,Cremini/Brown/Swiss Brown Mushrooms
4649,Mushrooms,Oyster Mushrooms
4650,Mushrooms,Portabella Mushrooms
4651,Mushrooms,Shiitake Mushrooms
4652,Mushrooms,Wood Ear Mushrooms
4653,Mushrooms,Retailer Assigned Mushrooms
4654,Mushrooms,Retailer Assigned Mushrooms
3275,Name,Yellow (Nyah-May) Name
3276,Name,White (Nyah-May) Name
4818,Name,Retailer Assigned Name
3035,Nectarine,"Large White Flesh, Tree Ripened, Nectarine"
3369,Nectarine,Nectavigne (Red Flesh) Nectarine
3437,Nectarine,Flat Yellow Nectarine
3439,Nectarine,White Flesh Flat Nectarine
4035,Nectarine,Small Yellow Flesh Nectarine
4036,Nectarine,Large Yellow Flesh Nectarine
4188,Nectarine,"Small White Flesh, Tree Ripened, Ready-To-Eat Nectarine"
4377,Nectarine,"Small Yellow Flesh, Tree Ripened, Ready-To-Eat Nectarine"
4378,Nectarine,"Large Yellow Flesh, Tree Ripened, Ready-To-Eat Nectarine"
4379,Nectarine,Retailer Assigned Nectarine
4380,Nectarine,Retailer Assigned Nectarine
4655,Okra,Regular (Green) Okra
4656,Okra,Chinese Okra
4657,Okra,Red Okra
3162,Ong Choy,Synonymous With Water Spinach Ong Choy
3286,Onions,Sweet Red Italian - Flat Onions
3331,Onions,Red Fresh - Bunch Onions
3412,Onions,Yellow/Brown Fresh - Bunch Onions
3493,Onions,Tearless Sweet Onions
3520,Onions,Sk-20 Onions
3535,Onions,Sweetheart Onions
4068,Onions,Green (Scallions)/Spring Onions
4082,Onions,Red Onions
4093,Onions,Large Yellow/Brown Onions
4159,Onions,Vidalia Onions
4161,Onions,Texas Sweet Onions
4163,Onions,Walla Walla Onions
4164,Onions,Maui Onions
4165,Onions,California Sweet Onions
4166,Onions,Other Sweet Onions
4658,Onions,Boiling Onions
4659,Onions,Bulb Onions
4660,Onions,Pearl Onions
4661,Onions,"Pickling, White Onions"
4662,Onions,Shallots Onions
4663,Onions,White Onions
4665,Onions,Small Yellow/Brown Onions
4666,Onions,Retailer Assigned Onions
4667,Onions,Retailer Assigned Onions
4668,Onions,Retailer Assigned Onions
4669,Onions,Retailer Assigned Onions
4670,Onions,Retailer Assigned Onions
3476,Orange Tree Leaf,Orange Tree Leaf
3027,Oranges,Shamouti Oranges
3028,Oranges,Small Delta Seedless Oranges
3036,Oranges,Small Midknight Oranges
3107,Oranges,Medium Navel Oranges
3108,Oranges,Medium Valencia Oranges
3109,Oranges,Seville (Marmalade Type) Oranges
3110,Oranges,"Navel, Cara Cara (Red) Oranges"
3153,Oranges,Medium Delta Seedless Oranges
3154,Oranges,Large Delta Seedless Oranges
3155,Oranges,Medium Midknight Oranges
3156,Oranges,Large Midknight Oranges
3309,Oranges,Lima Oranges
3310,Oranges,Pera Oranges
3370,Oranges,Maltaise Oranges
3371,Oranges,Salustiana Oranges
3372,Oranges,Navelate (And Other Late Navel Varieties) Oranges
3373,Oranges,Navelina (Incl. Newhall) Oranges
3374,Oranges,Without Postharvest Treatment Oranges
4012,Oranges,Large Navel Oranges
4013,Oranges,Small Navel Oranges
4014,Oranges,Small Valencia Oranges
4014,Oranges,Small Valencia Oranges
4381,Oranges,Blood Oranges
4382,Oranges,Juice Oranges
4384,Oranges,Small Navel Oranges
4385,Oranges,Large Navel Oranges
4386,Oranges,Small Temple Oranges
4387,Oranges,Large Temple Oranges
4388,Oranges,Large Valencia Oranges
4388,Oranges,Large Valencia Oranges
4389,Oranges,Retailer Assigned Oranges
4390,Oranges,Retailer Assigned Oranges
4391,Oranges,Retailer Assigned Oranges
4392,Oranges,Retailer Assigned Oranges
4393,Oranges,Retailer Assigned Oranges
4897,Oregano,Oregano
4870,Other Dried Fruits,Retailer Assigned Other Dried Fruits
4871,Other Dried Fruits,Retailer Assigned Other Dried Fruits
4872,Other Dried Fruits,Retailer Assigned Other Dried Fruits
4873,Other Dried Fruits,Retailer Assigned Other Dried Fruits
4874,Other Dried Fruits,Retailer Assigned Other Dried Fruits
4875,Other Dried Fruits,Retailer Assigned Other Dried Fruits
4876,Other Dried Fruits,Retailer Assigned Other Dried Fruits
4877,Other Dried Fruits,Retailer Assigned Other Dried Fruits
4878,Other Dried Fruits,Retailer Assigned Other Dried Fruits
4879,Other Dried Fruits,Retailer Assigned Other Dried Fruits
4880,Other Dried Fruits,Retailer Assigned Other Dried Fruits
4881,Other Dried Fruits,Retailer Assigned Other Dried Fruits
4882,Other Dried Fruits,Retailer Assigned Other Dried Fruits
4883,Other Dried Fruits,Retailer Assigned Other Dried Fruits
4471,Other Fruits,Retailer Assigned Other Fruits
4472,Other Fruits,Retailer Assigned Other Fruits
4473,Other Fruits,Retailer Assigned Other Fruits
4474,Other Fruits,Retailer Assigned Other Fruits
4475,Other Fruits,Retailer Assigned Other Fruits
4476,Other Fruits,Retailer Assigned Other Fruits
4477,Other Fruits,Retailer Assigned Other Fruits
4478,Other Fruits,Retailer Assigned Other Fruits
4479,Other Fruits,Retailer Assigned Other Fruits
4480,Other Fruits,Retailer Assigned Other Fruits
4481,Other Fruits,Retailer Assigned Other Fruits
4482,Other Fruits,Retailer Assigned Other Fruits
4483,Other Fruits,Retailer Assigned Other Fruits
4484,Other Fruits,Retailer Assigned Other Fruits
4485,Other Fruits,Retailer Assigned Other Fruits
4486,Other Fruits,Retailer Assigned Other Fruits
4487,Other Fruits,Retailer Assigned Other Fruits
4488,Other Fruits,Retailer Assigned Other Fruits
4489,Other Fruits,Retailer Assigned Other Fruits
4490,Other Fruits,Retailer Assigned Other Fruits
4909,Other Herbs,Retailer Assigned Other Herbs
4910,Other Herbs,Retailer Assigned Other Herbs
4911,Other Herbs,Retailer Assigned Other Herbs
4912,Other Herbs,Retailer Assigned Other Herbs
4913,Other Herbs,Retailer Assigned Other Herbs
4914,Other Herbs,Retailer Assigned Other Herbs
4915,Other Herbs,Retailer Assigned Other Herbs
4916,Other Herbs,Retailer Assigned Other Herbs
4917,Other Herbs,Retailer Assigned Other Herbs
4918,Other Herbs,Retailer Assigned Other Herbs
4919,Other Herbs,Retailer Assigned Other Herbs
4920,Other Herbs,Retailer Assigned Other Herbs
4921,Other Herbs,Retailer Assigned Other Herbs
4922,Other Herbs,Retailer Assigned Other Herbs
4923,Other Herbs,Retailer Assigned Other Herbs
4947,Other Nuts,Retailer Assigned Other Nuts
4948,Other Nuts,Retailer Assigned Other Nuts
4949,Other Nuts,Retailer Assigned Other Nuts
4950,Other Nuts,Retailer Assigned Other Nuts
4951,Other Nuts,Retailer Assigned Other Nuts
4952,Other Nuts,Retailer Assigned Other Nuts
4953,Other Nuts,Retailer Assigned Other Nuts
4954,Other Nuts,Retailer Assigned Other Nuts
4955,Other Nuts,Retailer Assigned Other Nuts
4956,Other Nuts,Retailer Assigned Other Nuts
4500,Other Vegetables,Retailer Assigned Other Vegetables
4501,Other Vegetables,Retailer Assigned Other Vegetables
4502,Other Vegetables,Retailer Assigned Other Vegetables
4503,Other Vegetables,Retailer Assigned Other Vegetables
4504,Other Vegetables,Retailer Assigned Other Vegetables
4505,Other Vegetables,Retailer Assigned Other Vegetables
4506,Other Vegetables,Retailer Assigned Other Vegetables
4507,Other Vegetables,Retailer Assigned Other Vegetables
4508,Other Vegetables,Retailer Assigned Other Vegetables
4509,Other Vegetables,Retailer Assigned Other Vegetables
4510,Other Vegetables,Retailer Assigned Other Vegetables
4511,Other Vegetables,Retailer Assigned Other Vegetables
4512,Other Vegetables,Retailer Assigned Other Vegetables
4513,Other Vegetables,Retailer Assigned Other Vegetables
4820,Other Vegetables,Retailer Assigned Other Vegetables
4821,Other Vegetables,Retailer Assigned Other Vegetables
4822,Other Vegetables,Retailer Assigned Other Vegetables
4823,Other Vegetables,Retailer Assigned Other Vegetables
4824,Other Vegetables,Retailer Assigned Other Vegetables
4825,Other Vegetables,Retailer Assigned Other Vegetables
4826,Other Vegetables,Retailer Assigned Other Vegetables
4827,Other Vegetables,Retailer Assigned Other Vegetables
4828,Other Vegetables,Retailer Assigned Other Vegetables
4829,Other Vegetables,Retailer Assigned Other Vegetables
4830,Other Vegetables,Retailer Assigned Other Vegetables
4831,Other Vegetables,Retailer Assigned Other Vegetables
4832,Other Vegetables,Retailer Assigned Other Vegetables
4833,Other Vegetables,Retailer Assigned Other Vegetables
4834,Other Vegetables,Retailer Assigned Other Vegetables
4835,Other Vegetables,Retailer Assigned Other Vegetables
4836,Other Vegetables,Retailer Assigned Other Vegetables
4837,Other Vegetables,Retailer Assigned Other Vegetables
4838,Other Vegetables,Retailer Assigned Other Vegetables
4839,Other Vegetables,Retailer Assigned Other Vegetables
4840,Other Vegetables,Retailer Assigned Other Vegetables
4841,Other Vegetables,Retailer Assigned Other Vegetables
4842,Other Vegetables,Retailer Assigned Other Vegetables
4843,Other Vegetables,Retailer Assigned Other Vegetables
4844,Other Vegetables,Retailer Assigned Other Vegetables
4845,Other Vegetables,Retailer Assigned Other Vegetables
4846,Other Vegetables,Retailer Assigned Other Vegetables
4847,Other Vegetables,Retailer Assigned Other Vegetables
4848,Other Vegetables,Retailer Assigned Other Vegetables
4849,Other Vegetables,Retailer Assigned Other Vegetables
4850,Other Vegetables,Retailer Assigned Other Vegetables
4851,Other Vegetables,Retailer Assigned Other Vegetables
4852,Other Vegetables,Retailer Assigned Other Vegetables
4853,Other Vegetables,Retailer Assigned Other Vegetables
4854,Other Vegetables,Retailer Assigned Other Vegetables
4855,Other Vegetables,Retailer Assigned Other Vegetables
4856,Other Vegetables,Retailer Assigned Other Vegetables
4857,Other Vegetables,Retailer Assigned Other Vegetables
4858,Other Vegetables,Retailer Assigned Other Vegetables
4859,Other Vegetables,Retailer Assigned Other Vegetables
4898,Oyster Plant/Salsify,Oyster Plant/Salsify
3477,Papalo,Papalo
3111,Papaya/Pawpaw,Red-Fleshed (Solo Sunrise) Papaya/Pawpaw
3112,Papaya/Pawpaw,Meridol Papaya/Pawpaw
4052,Papaya/Pawpaw,Small Regular Papaya/Pawpaw
4394,Papaya/Pawpaw,Large Regular Papaya/Pawpaw
4395,Papaya/Pawpaw,Cooking/Mexican Papaya/Pawpaw
4396,Papaya/Pawpaw,Retailer Assigned Papaya/Pawpaw
4899,Parsley,Regular/Curly Parsley
4901,Parsley,Italian/Continental/French Parsley
4902,Parsley,Retailer Assigned Parsley
4671,Parsley Root(Hamburg Parsley),Parsley Root(Hamburg Parsley)
3053,Parsnip,Baby Parsnip
4672,Parsnip,Parsnip
3038,Passion Fruit,"Granadilla, Orange Passion Fruit"
3311,Passion Fruit,Curuba/Banana Passion Fruit
3312,Passion Fruit,Granadilla - Yellow/Maracuja Passion Fruit
4397,Passion Fruit,Purple Passion Fruit
4398,Passion Fruit,Retailer Assigned Passion Fruit
3113,Peaches,Flat White Flesh (Saturn Type) Peaches
3115,Peaches,Flat Yellow Flesh Peaches
3116,Peaches,Small Yellow Flesh (Tree Ripened/Ready-To-Eat) Peaches
3117,Peaches,Large Yellow Flesh (Tree Ripened/Ready-To-Eat) Peaches
3313,Peaches,Small White Flesh - Tree Ripened/ Ready-To-Eat Peaches
3314,Peaches,Large White Flesh - Tree Ripened/ Ready-To-Eat Peaches
3375,Peaches,De Vigne & Sanguine (Red Flesh) Peaches
4037,Peaches,Small Yellow Flesh Peaches
4038,Peaches,Large Yellow Flesh Peaches
4043,Peaches,Small Yellow Flesh - Tree Ripened/Ready-To-Eat Peaches
4044,Peaches,Large Yellow Flesh - Tree Ripened/Ready-To-Eat Peaches
4399,Peaches,Indian Peaches
4400,Peaches,Small White Flesh Peaches
4401,Peaches,Large White Flesh Peaches
4402,Peaches,Small Yellow Flesh Peaches
4403,Peaches,Large Yellow Flesh Peaches
4404,Peaches,Retailer Assigned Peaches
4405,Peaches,Retailer Assigned Peaches
4930,Peanuts,Peanuts
4931,Peanuts,Raw Peanuts
4932,Peanuts,Roasted - Salted Peanuts
4933,Peanuts,Roasted - Unsalted Peanuts
4934,Peanuts,Retailer Assigned Peanuts
4935,Peanuts,Retailer Assigned Peanuts
3012,Pears,Abate Fetel Pears
3013,Pears,Beurre Hardy Pears
3014,Pears,Bon Rouge Pears
3015,Pears,Clara Friis Pears
3016,Pears,Concorde Pears
3017,Pears,Conference Pears
3018,Pears,Durondeau Pears
3019,Pears,Flamingo Pears
3020,Pears,General Leclerc Pears
3021,Pears,Guyot Pears
3022,Pears,Josephine Pears
3023,Pears,Small Passe Crassane Pears
3024,Pears,Rocha Pears
3025,Pears,Rosemarie Pears
3026,Pears,Triumph De Vienne Pears
3118,Pears,Starkrimson Pears
3316,Pears,Carmen Pears
3317,Pears,Angelys Pears
3318,Pears,Large Passe Crassane Pears
3376,Pears,Alexander Lucas Pears
3377,Pears,Louise Bonne Pears
3378,Pears,Santa Maria Pears
3420,Pears,Belle Du Jumet Pears
3434,Pears,Tosca Pears
3466,Pears,Cape Rose Pears
3485,Pears,Harovin Sundown Pears
3489,Pears,Cepuna Pears
3495,Pears,Celina Pears
3518,Pears,Oksana Pears
3522,Pears,Hw624 Pears
3606,Pears,Sweet Sensation Pears
4024,Pears,Small Bartlett/Williams/Wbc Pears
4025,Pears,Small Anjou Pears
4026,Pears,Small Bosc/Beurre Bosc Pears
4406,Pears,Asian/Nashi - White Pears
4407,Pears,Asian/Nashi - Yellow Pears
4408,Pears,Asian/Nashi - Brown Pears
4409,Pears,Large Bartlett/Williams/Wbc Pears
4410,Pears,Bartlett - Red/Red Sensation Pears
4411,Pears,Small Bosc/Beurre Bosc Pears
4412,Pears,Large Bosc/Beurre Bosc Pears
4413,Pears,Large Bosc/Beurre Bosc Pears
4414,Pears,Comice/ Doyenne Du Comice Pears
4415,Pears,Red Pears
4416,Pears,Large Anjou Pears
4417,Pears,Anjou - Red Pears
4418,Pears,Forelle/Corella Pears
4419,Pears,French Pears
4420,Pears,King Royal Pears
4421,Pears,Packham/Packhams Triumph Pears
4422,Pears,Seckel Pears
4423,Pears,Tree Ripened Pears
4424,Pears,Winter Nelis/Honey Pears
4425,Pears,Retailer Assigned Pears
4426,Pears,Retailer Assigned Pears
4553,Pears,Taylors Gold Pears
4890,Pears,Chinese Yali Pears
4960,Pears,Fragrant Pears
4092,Peas,Chinese Snow Pea/Pea Pod/Mange Tout Peas
4673,Peas,Blackeyed Peas
4674,Peas,Green Peas
4675,Peas,Sugar Snap Peas
4676,Peas,Retailer Assigned Peas
4936,Pecans,Pecans
4937,Pecans,Retailer Assigned Pecans
3054,Peppers,Elongated (Clovis Red/Lamuyo Red) Peppers
3055,Peppers,Elongated (Clovis Green/Lamuyo Green) Peppers
3056,Peppers,Elongated (Clovis Yellow/Lamuyo Yellow) Peppers
3057,Peppers,Elongated (Clovis Orange/Lamuyo Orange) Peppers
3058,Peppers,Elongated (Clovis White/Lamuyo White) Peppers
3119,Peppers,"Small Bell, Greenhouse - Green Peppers"
3120,Peppers,"Large Bell, Greenhouse - Green Peppers"
3121,Peppers,"Bell, Greenhouse - Orange Peppers"
3122,Peppers,"Bell, Greenhouse - White Peppers"
3123,Peppers,"Bell, Greenhouse - Brown Peppers"
3124,Peppers,"Bell, Greenhouse - Purple Peppers"
3125,Peppers,Habanero Peppers
3413,Peppers,Tabasco Peppers
3465,Peppers,Stripy Bell Peppers
4065,Peppers,"Large Bell, Field Grown - Green Peppers"
4088,Peppers,"Bell, Field Grown - Red Peppers"
4677,Peppers,Anaheim (Green And Red) Peppers
4678,Peppers,Banana (Yellow Long) Peppers
4679,Peppers,"Bell, Field Grown - Brown Peppers"
4680,Peppers,"Bell, Field Grown - Golden (Yellow) Peppers"
4681,Peppers,"Small Bell, Field Grown - Green Peppers"
4682,Peppers,"Bell, Field Grown - Orange Peppers"
4683,Peppers,"Bell, Field Grown - Purple Peppers"
4684,Peppers,"Bell, Field Grown - White Peppers"
4685,Peppers,Chili - Dried Peppers
4686,Peppers,Chili - Green Peppers
4687,Peppers,Cubanelle Peppers
4688,Peppers,"Bell, Greenhouse - Red Peppers"
4689,Peppers,"Bell, Greenhouse - Yellow Peppers"
4690,Peppers,Hot (Hungarian Hot) Peppers
4691,Peppers,Hot Mixed Peppers
4692,Peppers,Hungarian Wax Peppers
4693,Peppers,Jalapeno - Green/Mexican Green Peppers
4694,Peppers,Jalapeno - Red/Mexican Red Peppers
4695,Peppers,Japanese - Red Peppers
4696,Peppers,Long Hot - Green Peppers
4697,Peppers,Long Hot - Red Peppers
4698,Peppers,Morita Chili Peppers
4699,Peppers,Negro Peppers
4700,Peppers,New Mexico Peppers
4701,Peppers,Pasilla - Green Peppers
4702,Peppers,Pasilla - Red Peppers
4703,Peppers,Pasilla Pod Peppers
4704,Peppers,Pinole Peppers
4705,Peppers,Poblano Peppers
4706,Peppers,Red Cheese Peppers
4707,Peppers,Red Finger Peppers
4708,Peppers,Red Pimiento/ Red Sweet Long Peppers
4709,Peppers,Serrano Peppers
4710,Peppers,Retailer Assigned Peppers
4711,Peppers,Retailer Assigned Peppers
4712,Peppers,Retailer Assigned Peppers
4713,Peppers,Retailer Assigned Peppers
4714,Peppers,Retailer Assigned Peppers
4715,Peppers,Retailer Assigned Peppers
4716,Peppers,Retailer Assigned Peppers
4717,Peppers,Retailer Assigned Peppers
4718,Peppers,Retailer Assigned Peppers
4719,Peppers,Retailer Assigned Peppers
4720,Peppers,Retailer Assigned Peppers
4721,Peppers,Retailer Assigned Peppers
4722,Peppers,Retailer Assigned Peppers
4772,Peppers,Chili - Yellow Peppers
3459,Persimmon,Shiny Red Persimmon
4427,Persimmon,Regular (American Persimmon) Persimmon
4428,Persimmon,Japanese/Sharonfruit (Kaki) Persimmon
4429,Persimmon,Retailer Assigned Persimmon
3039,Physalis/Cape Gooseberry/Ground Cherry,Physalis/Cape Gooseberry/Ground Cherry
4938,Pine Nuts (Pignoli),Pine Nuts (Pignoli)
3037,Pineapple,Queen Pineapple
3379,Pineapple,Mini Pineapple
3380,Pineapple,Perola Pineapple
4029,Pineapple,Small Pineapple
4430,Pineapple,Large Pineapple
4431,Pineapple,Small Jet Fresh Pineapple
4432,Pineapple,Large Jet Fresh Pineapple
4433,Pineapple,Retailer Assigned Pineapple
4864,Pineapple,Dried Pineapple
4939,Pistachio,Natural Pistachio
4940,Pistachio,Red Pistachio
4941,Pistachio,Retailer Assigned Pistachio
3040,Pitahaya,Red (Skin Color) Pitahaya
3319,Pitahaya,Yellow (Skin Color) Pitahaya
3126,Plumcot (Interspecific Plum),Retailer Assigned Plumcot (Interspecific Plum)
3278,Plumcot (Interspecific Plum),Plumcot (Interspecific Plum)
3609,Plumcot (Interspecific Plum),Red Plumcot (Interspecific Plum)
3610,Plumcot (Interspecific Plum),Green Plumcot (Interspecific Plum)
3611,Plumcot (Interspecific Plum),Black Plumcot (Interspecific Plum)
3457,Plums,President Plums
3536,Plums,Sweet Pixie Plums
4039,Plums,Small Black Plums
4040,Plums,Large Black Plums
4041,Plums,Small Red Plums
4042,Plums,Small Red Plums
4434,Plums,"Small Green (Includes Dolly, Kelsey, Wickson) Plums"
4435,Plums,"Large Green (Includes Dolly, Kelsey, Wickson) Plums"
4436,Plums,Italian Prune/Sugar Plums
4437,Plums,"Small Purple (Includes Queen Rosa, Laroda, Nublana, Queen Ann, Simka, El Dorado) Plums"
4438,Plums,"Large Purple (Includes Queen Rosa, Laroda, Nublana, Queen Ann, Simka, El Dorado) Plums"
4439,Plums,Small Tree Ripened Plums
4440,Plums,Large Tree Ripened Plums
4441,Plums,Small Yellow (Includes Golden Globe) Plums
4442,Plums,Large Yellow (Includes Golden Globe) Plums
4443,Plums,Retailer Assigned Plums
4444,Plums,Retailer Assigned Plums
3127,Pomegranate,Medium Pomegranate
3440,Pomegranate,Large Pomegranate
4445,Pomegranate,Small Pomegranate
4446,Pomegranate,Retailer Assigned Pomegranate
3128,Potato,Purple Potato
3414,Potato,Baking - White Potato
3415,Potato,Baking - Red And Red Eye Varieties Potato
4072,Potato,Russet Potato
4073,Potato,Red Potato
4083,Potato,White Potato
4723,Potato,Creamer - Red Potato
4724,Potato,Creamer - White Potato
4725,Potato,Russet Potato
4726,Potato,Long - White Potato
4727,Potato,Yellow Potato
4728,Potato,Retailer Assigned Potato
4729,Potato,Retailer Assigned Potato
4730,Potato,Retailer Assigned Potato
4731,Potato,Retailer Assigned Potato
4732,Potato,Retailer Assigned Potato
4733,Potato,Retailer Assigned Potato
3274,Prunes,Fresh Prunes
4865,Prunes,Regular (Dried Fruit) Prunes
4866,Prunes,Pitted (Dried Fruit) Prunes
4867,Prunes,Retailer Assigned - Dried Prunes
3130,Pumpkin,Jumbo Pumpkin
3131,Pumpkin,Decorative (Painted) Pumpkin
3132,Pumpkin,White Pumpkin
3133,Pumpkin,White - Mini Pumpkin
3134,Pumpkin,Pie Pumpkin Pumpkin
3631,Pumpkin,Pink Pumpkin
4734,Pumpkin,Mini Pumpkin
4735,Pumpkin,Regular Pumpkin
4736,Pumpkin,Retailer Assigned Pumpkin
4737,Pumpkin,Retailer Assigned Pumpkin
3480,Pumpkin Vine,Pumpkin Vine
3483,Purple Herb,Purple Herb
3478,Quelites,Quelites
4447,Quince,Quince
3482,Rabbit Herb,Rabbit Herb
3165,Radicchio,Treviso Radicchio
3168,Radicchio,Castlefranco Radicchio
4738,Radicchio,Radicchio
4089,Radish,Bunched Red Radish
4739,Radish,Black Radish
4740,Radish,Bunched White Radish
4741,Radish,Italian Red Radish
4742,Radish,Red Radish
4743,Radish,White/Icicle Radish
4744,Radish,Retailer Assigned Radish
4868,Raisins,Black (Dried Fruit) Raisins
4869,Raisins,Golden/Yellow (Dried Fruit) Raisins
3041,Rambutan,Rambutan
3416,Rhubarb,Bunch Rhubarb
4745,Rhubarb,Regular Rhubarb
4746,Rhubarb,Retailer Assigned Rhubarb
4903,Rosemary,Rosemary
4747,Rutabagas (Swede),Regular Rutabagas (Swede)
4748,Rutabagas (Swede),Retailer Assigned Rutabagas (Swede)
3472,Sacred Pepper,Sacred Pepper
4904,Sage,Sage
4470,Salad Bar,Salad Bar
3136,Sapodillo/Nispero,Sapodillo/Nispero
3137,Sapote,White Sapote
3138,Sapote,Black Sapote
3139,Savory,Savory
4905,Sorrel,Sorrel
3381,Soursop,Soursop
3332,Spinach,Baby Spinach
3417,Spinach,New Zealand Spinach Spinach
4090,Spinach,Regular/Bunched Spinach
4749,Spinach,Retailer Assigned Spinach
3059,Squash,Crown Prince Squash
3060,Squash,Vegetable Marrow Squash
3140,Squash,Cucuzza Squash
3141,Squash,Opo Squash
3142,Squash,Carnival Squash
3143,Squash,Acorn - Baby Squash
3418,Squash,Zucchini/Courgette - Round Squash
3441,Squash,Butterkin Squash
4067,Squash,Zucchini/Courgette Squash
4086,Squash,Yellow Zucchini/Gold Bar/Yellow Courgette Squash
4750,Squash,Acorn/Table Queen Squash
4751,Squash,Acorn - Golden Squash
4752,Squash,Acorn - Swan White Table Queen Squash
4753,Squash,Australian Blue Squash
4754,Squash,Baby Scallopini Squash
4755,Squash,Baby Summer (Green) Squash
4756,Squash,Baby Green Zucchini/Courgette Squash
4757,Squash,Banana Squash
4758,Squash,Buttercup Squash
4759,Squash,Butternut Squash
4760,Squash,Calabaza Squash
4761,Squash,Chayote/Choko Squash
4763,Squash,Delicata/Sweet Potato Squash
4764,Squash,(Sweet) Dumpling Squash
4765,Squash,Gem Squash
4766,Squash,Golden Delicious Squash
4767,Squash,Golden Nugget Squash
4768,Squash,Hubbard Squash
4769,Squash,Kabocha Squash
4773,Squash,Patty Pan/Summer Squash
4774,Squash,Red Kuri Squash
4775,Squash,Scallopini Squash
4776,Squash,Spaghetti/Vegetable Spaghetti Squash
4777,Squash,Sunburst (Yellow) Squash
4779,Squash,Sweet Mama Squash
4780,Squash,Turban Squash
4781,Squash,White Squash
4782,Squash,Yellow - Straightneck Squash
4784,Squash,Yellow - Crookneck Squash
4785,Squash,Retailer Assigned Squash
4786,Squash,Retailer Assigned Squash
4787,Squash,Retailer Assigned Squash
4788,Squash,Retailer Assigned Squash
4789,Squash,Retailer Assigned Squash
3382,Sugar Apple,Sugar Apple
4790,Sugar Cane,Sugar Cane
4791,Sunchokes (Jerusalem Artichokes),Sunchokes (Jerusalem Artichokes)
4942,Sunflower Seeds,Sunflower Seeds
3288,Sweet Potato/Yam/Kumara,Retailer Assigned Sweet Potato/Yam/Kumara
3333,Sweet Potato/Yam/Kumara,Small Red/Orangy White Flesh Sweet Potato/Yam/Kumara
3334,Sweet Potato/Yam/Kumara,Large Red/Orangy White Flesh Sweet Potato/Yam/Kumara
3474,Sweet Potato/Yam/Kumara,Saffron Sweet Potato/Yam/Kumara
4074,Sweet Potato/Yam/Kumara,Small Red/Orangy Red Flesh Sweet Potato/Yam/Kumara
4091,Sweet Potato/Yam/Kumara,White Sweet Potato/Yam/Kumara
4816,Sweet Potato/Yam/Kumara,Golden Sweet Potato/Yam/Kumara
4817,Sweet Potato/Yam/Kumara,Large Red/Orangy Red Flesh Sweet Potato/Yam/Kumara
4792,Tamarillo,Golden Tamarillo
4793,Tamarillo,Red Tamarillo
4448,Tamarind,Tamarind
4383,Tangelo,Minneola Tangelo
4456,Tangelo,Tangelo
4459,Tangelo,Jamaican Tangelo
3029,Tangerines/Mandarins,Satsuma Tangerines/Mandarins
3030,Tangerines/Mandarins,Nova Tangerines
3031,Tangerines/Mandarins,Jamaican Tangor Tangerines
3032,Tangerines/Mandarins,Ellendale Tangerines/Mandarins
3144,Tangerines/Mandarins,Fall Glo Tangerines/Mandarins
3383,Tangerines/Mandarins,Small Clementine Tangerines/Mandarins
3384,Tangerines/Mandarins,Medium Clementine Tangerines/Mandarins
3385,Tangerines/Mandarins,Large Clementine Tangerines/Mandarins
3386,Tangerines/Mandarins,Clementine (With Leaves Attached) Tangerines/Mandarins
3387,Tangerines/Mandarins,Clementine (Without P/Harvest Treatment) Tangerines/Mandarins
3388,Tangerines/Mandarins,Satsuma -Clauselina Tangerines/Mandarins
3389,Tangerines/Mandarins,Satsuma Tangerines/Mandarins
3425,Tangerines/Mandarins,Small Ellendale Tangerines/Mandarins
3426,Tangerines/Mandarins,Medium Ellendale Tangerines/Mandarins
3427,Tangerines/Mandarins,Large Ellendale Tangerines/Mandarins
3428,Tangerines/Mandarins,Small Honey/Murcott Tangerines/Mandarins
3429,Tangerines/Mandarins,Medium Honey/Murcott Tangerines/Mandarins
3430,Tangerines/Mandarins,Large Honey/Murcott Tangerines/Mandarins
3431,Tangerines/Mandarins,Small Imperial Tangerines/Mandarins
3432,Tangerines/Mandarins,Medium Imperial Tangerines/Mandarins
3433,Tangerines/Mandarins,Large Imperial Tangerines/Mandarins
3524,Tangerines/Mandarins,C37 Tangerines/Mandarins
3632,Tangerines/Mandarins,Dekopon Tangerines/Mandarins
4055,Tangerines/Mandarins,Tangerines/Mandarins
4449,Tangerines/Mandarins,Sunburst Tangerines/Mandarins
4450,Tangerines/Mandarins,Clementine (Includes Fortune) Tangerines/Mandarins
4451,Tangerines/Mandarins,Dancy Tangerines/Mandarins
4452,Tangerines/Mandarins,Fairchild Tangerines/Mandarins
4453,Tangerines/Mandarins,Honey/Murcott Tangerines/Mandarins
4454,Tangerines/Mandarins,Kinnow Tangerines/Mandarins
4455,Tangerines/Mandarins,Mandarin/Royal Tangerines/Mandarins
4457,Tangerines/Mandarins,Retailer Assigned Tangerines/Mandarins
4458,Tangerines/Mandarins,Retailer Assigned Tangerines/Mandarins
4794,Taro Root (Dasheen),Small Taro Root (Dasheen)
4795,Taro Root (Dasheen),Large Taro Root (Dasheen)
4906,Tarragon,Tarragon
4907,Thyme,Thyme
3061,Tomatoes,Beef/Beefsteak Tomatoes
3145,Tomatoes,Plum/Italian/Saladette/Roma (Yellow) Tomatoes
3146,Tomatoes,"Cherry - Red, On The Vine Tomatoes"
3147,Tomatoes,"Cherry - Yellow, On The Vine Tomatoes"
3148,Tomatoes,"Regular - Yelllow, On The Vine (Truss) Tomatoes"
3149,Tomatoes,"Regular - Orange, On The Vine Tomatoes"
3150,Tomatoes,Cocktail/Intermediate - Red Tomatoes
3151,Tomatoes,"Large Vine Ripe, Regular - Red Tomatoes"
3282,Tomatoes,Plum/Italian/Saladette/Roma On The Vine - Red Tomatoes
3335,Tomatoes,Cocktail/Intermediate - Red/On The Vine (Truss) Tomatoes
3336,Tomatoes,Roma On The Vine Tomatoes
3423,Tomatoes,Heirloom Tomatoes
3458,Tomatoes,Cherry - Orange Tomatoes
3512,Tomatoes,Round Tomatoes
4063,Tomatoes,Small Regular - Red Tomatoes
4064,Tomatoes,Large Regular - Red Tomatoes
4087,Tomatoes,Plum/Italian/Saladette/Roma - Red Tomatoes
4664,Tomatoes,"Regular - Red, On The Vine (Truss) Tomatoes"
4778,Tomatoes,Regular - Yellow Tomatoes
4796,Tomatoes,Cherry - Red Tomatoes
4797,Tomatoes,Cherry - Yellow Tomatoes
4798,Tomatoes,Small Greenhouse/Hydroponic/Regular - Red Tomatoes
4799,Tomatoes,Large Greenhouse/Hydroponic/Regular - Red Tomatoes
4800,Tomatoes,Native/Home Grown Tomatoes
4801,Tomatoes,Tomatillos/Husk Tomatoes Tomatoes
4802,Tomatoes,Dried Tomatoes
4803,Tomatoes,Teardrop/Pear - Red Tomatoes
4804,Tomatoes,Teardrop/Pear - Yellow Tomatoes
4805,Tomatoes,"Small Vine Ripe, Regular - Red Tomatoes"
4806,Tomatoes,Retailer Assigned Tomatoes
4807,Tomatoes,Retailer Assigned Tomatoes
4808,Tomatoes,Retailer Assigned Tomatoes
4095,Turnip,Yellow Turnip
4809,Turnip,Baby Turnip
4810,Turnip,Bunch/Banded Turnip
4811,Turnip,Purple Top Turnip
4812,Turnip,White Turnip
4813,Turnip,Retailer Assigned Turnip
4908,Vanilla Bean,Vanilla Bean
4943,Walnuts,Regular Walnuts
4944,Walnuts,Black Walnuts
4945,Walnuts,White Walnuts
4946,Walnuts,Retailer Assigned Walnuts
4814,Water Chestnuts,Water Chestnuts
4815,Watercress,Watercress
3481,Xpelon,Xpelon
3164,Yu Choy,Yu Choy
4819,Yuca Root/Cassava/Manioc,Yuca Root/Cassava/Manioc